,9619208: How would you rate your Python proficiency?,9619209: How comfortable are you with Git/GitHub?,9619210: What is your level in data cleaning/preprocessing?,9619211: How would you describe your Exploratory Data Analysis (EDA) skills?,9619212: What’s your proficiency in data visualization?,9602345: Which best captures your ML foundations?,9619215: How proficient are you with ML tooling?,9602349: What’s your experience level with LLMs?,9602350: How experienced are you with deployment/DevOps?,9602351: What is your cloud familiarity (AWS/GCP/Azure)?,"9602356: On a scale of 1–10, how comfortable are you with self-directed learning  debugging?",9602417: What are your top 3 learning goals for this course? (Short phrases; list three.),9602418: Do you have any concerns about prerequisites or background? (Briefly describe.),"9602426: Which specific tools or topics do you hope we cover? (Name libraries, platforms, or themes.)"
0,"Advanced (testing, packaging, async, profiling)","Advanced (rebasing, resolving complex conflicts, Gitflow)","Intermediate (joins/merges, outlier handling, feature scaling/encoding)","Basic (descriptives, simple plots)",Advanced (dashboards/storytelling; audience-appropriate design),Tutorials completed (fit/predict on standard datasets),"Intermediate (hyperparameter tuning, cross-validation, feature engineering)","Advanced (API usage, structured prompting, small RAG apps)",,,"9–10 Very comfortable (systematic, persistent, document findings)","Paying attention to details.

To learn more about machine learning models to become a better Kaggle competitor.

To try different organizational methods.",No.,
1,"Basic (variables, loops, lists; simple scripts)","Basic (clone, add, commit, push)","Basic (remove duplicates, simple imputations)",,Basic (matplotlib/Excel charts),Theoretical only (coursework/reading),Basic (scikit-learn pipelines; standard models),"Intermediate (code gen/debugging, data exploration)",,,"5–6 Neutral (can try first, then seek help)","1. Collect, process, and analyze data for predicative analysis

2. Use machine learning tools to build predicative models.

3. Understanding methods of predicative analysis.","Concerns about experience with Python, DevOps, and Cloud and other technical aspects","I hope to cover relevant platforms and tools used for Predicative Analytics, Model Deployment, and Data Visualization "
2,"Intermediate (functions/classes, pandas/numpy, file I/O)","Intermediate (branching, merging, pull requests)","Intermediate (joins/merges, outlier handling, feature scaling/encoding)","Basic (descriptives, simple plots)","Intermediate (seaborn/plotly; multi-facet charts, interactive)",Tutorials completed (fit/predict on standard datasets),"Intermediate (hyperparameter tuning, cross-validation, feature engineering)",No LLM experience,,,"5–6 Neutral (can try first, then seek help)","1. In this course, I would like to work with cloud development and how it can be used as a tool in certain data science scenarios. 

2. I do not have much experience when it comes to LLM's so I'm curious about what exactly they are there for and how does it tie into the data scientist role. 

3. I have seen a lot of work recently with AWS. What services do they use, and how can we benefit from them? ",,"I would love to use more organization tools, such as Tableau, and learn about some AWS systems and their implications. "
3,"Intermediate (functions/classes, pandas/numpy, file I/O)","Basic (clone, add, commit, push)","Intermediate (joins/merges, outlier handling, feature scaling/encoding)","Intermediate (groupby, multi-variate plots, basic hypothesis checks)","Intermediate (seaborn/plotly; multi-facet charts, interactive)","Projects (train/val/test splits, metrics, model comparison)","Intermediate (hyperparameter tuning, cross-validation, feature engineering)",No LLM experience,,,"5–6 Neutral (can try first, then seek help)","- Be extremely comfortable using a wide range of software/programs that are used in the professional world (github, streamlit)

* Expand my statistics knowledge and understanding

* Understand LLM structure","I struggle with using GitHub, mostly just because of issues with connecting it to my laptop and issues with my SSH key. I'm hoping this is something I can get help with in Office Hours.","Working with/creating LLMs, using statistics, and visualization tools."
4,"Advanced (testing, packaging, async, profiling)","Intermediate (branching, merging, pull requests)","Intermediate (joins/merges, outlier handling, feature scaling/encoding)","Intermediate (groupby, multi-variate plots, basic hypothesis checks)","Intermediate (seaborn/plotly; multi-facet charts, interactive)","Projects (train/val/test splits, metrics, model comparison)",Basic (scikit-learn pipelines; standard models),"Intermediate (code gen/debugging, data exploration)",Basic (Streamlit/Gradio; simple hosting),"Basic (compute/storage setup, permissions basics)",7–8 Comfortable (usually solve with docs/forums),"First goal is to become mroe familiar with cloud projects like with Azure. I also want to practice ML tools and LLm's. Those two are my primary goals, though I want to hear and learn from professionals on how to navigate the industry.","No, I feel well equipped for this class. My summer internship did not utilize all the skills we are practicing here, but I spent time familiarizing myself with most of those listed. I am confident in many of the programs listed in the first half of the survey.","I am really intrigued by Streamlit. The workflow seems pretty nice, and I have only used Power Bi and some Tableua for visualizations. I am unsure how we will cover it, but I also want to learn how to fit generative AI usage into my work. Seems most companies are interested in those who can use it most efficiently. I am also hoping to get at least an Advanced Microsoft Azure certification before this summer, so studying that will interest me."
5,"Intermediate (functions/classes, pandas/numpy, file I/O)","Basic (clone, add, commit, push)","Basic (remove duplicates, simple imputations)","Basic (descriptives, simple plots)","Intermediate (seaborn/plotly; multi-facet charts, interactive)",Tutorials completed (fit/predict on standard datasets),Basic (scikit-learn pipelines; standard models),No LLM experience,,,"5–6 Neutral (can try first, then seek help)","1. Have a better and deeper understanding on studio 3.

2. Understand what I am actually learning.

3. Put in effort and learn when I may not understand materials in class.",I dont have any concerns about prerequisites or background.,I don't have any topic or tools in mind. 
6,"Intermediate (functions/classes, pandas/numpy, file I/O)","Basic (clone, add, commit, push)","Intermediate (joins/merges, outlier handling, feature scaling/encoding)","Basic (descriptives, simple plots)","Intermediate (seaborn/plotly; multi-facet charts, interactive)",Tutorials completed (fit/predict on standard datasets),Basic (scikit-learn pipelines; standard models),"Intermediate (code gen/debugging, data exploration)",Basic (Streamlit/Gradio; simple hosting),,"5–6 Neutral (can try first, then seek help)","1) Extend skill set and advancing skills that I already have (Such as data analysis, coding in various languages and be able to conclude from results) 

2) Be more involved in learning and praticing skills and leaving the mindset of ""This is enough for the grade"" and instead have a mindset such as ""This is pratice for the real world so try my best and ask for help""

3) Better data cleaning and interpetations of the final results.",My only concerns is reviewing and using previous models/ python coding due to the summer break I feel a bit rusty about my knowledge and understanding of what we've already learned in the past studio courses. ,Specific tools would be git/github as i feel like I have a very basic understanding of it and as well as tableau as a whole
7,"Intermediate (functions/classes, pandas/numpy, file I/O)","Intermediate (branching, merging, pull requests)","Advanced (pipeline automation, leakage checks, reproducible transforms)","Intermediate (groupby, multi-variate plots, basic hypothesis checks)",Advanced (dashboards/storytelling; audience-appropriate design),"Pro/Research (reproducible workflows, error analysis, reporting)","Advanced (model selection under constraints, calibration, interpretability)","Advanced (API usage, structured prompting, small RAG apps)",Intermediate (Flask/FastAPI on VM; env management),"Intermediate (managed services: DB, queues, functions)","9–10 Very comfortable (systematic, persistent, document findings)","* Gain more experience with deployment/DevOps

* Improve explanatory data skills for presentations and audiences who are not familiar with data science

* Complete a project from scratch, almost like full stack development, but for data science",No concerns,"deployment/DevOps, AI prompting, strengthening Python skills"
8,"Intermediate (functions/classes, pandas/numpy, file I/O)","Intermediate (branching, merging, pull requests)","Intermediate (joins/merges, outlier handling, feature scaling/encoding)","Intermediate (groupby, multi-variate plots, basic hypothesis checks)","Intermediate (seaborn/plotly; multi-facet charts, interactive)","Projects (train/val/test splits, metrics, model comparison)","Intermediate (hyperparameter tuning, cross-validation, feature engineering)",No LLM experience,,"Basic (compute/storage setup, permissions basics)",3–4 Somewhat uncomfortable (prefer close support),"1. Learn how to organize my project, especially for tracking purposes of different versions

2. Learn how to sell my idea

3. How to integrate LLM in my project",No,"LLM integration, time series, feature weighing or oversampling and how to make the model really see those rare features."
9,"Basic (variables, loops, lists; simple scripts)","Basic (clone, add, commit, push)","Basic (remove duplicates, simple imputations)","Basic (descriptives, simple plots)",Basic (matplotlib/Excel charts),Theoretical only (coursework/reading),Basic (scikit-learn pipelines; standard models),"Intermediate (code gen/debugging, data exploration)",,,3–4 Somewhat uncomfortable (prefer close support),"Become proficient in the skills that were previously asked about.

Improve on my brainstorming and workflow efficiency.

Algorithmic trading is something I have strongly considered and want to further my education on.","My only concern is with some of the deployment and data visualization tools such as Tableau, and AWS as I have little to no experience with these.",I hope to learn a bit more about tensorflow 
10,"Intermediate (functions/classes, pandas/numpy, file I/O)","Basic (clone, add, commit, push)","Basic (remove duplicates, simple imputations)","Intermediate (groupby, multi-variate plots, basic hypothesis checks)",Basic (matplotlib/Excel charts),Tutorials completed (fit/predict on standard datasets),"Intermediate (hyperparameter tuning, cross-validation, feature engineering)",No LLM experience,Basic (Streamlit/Gradio; simple hosting),,"5–6 Neutral (can try first, then seek help)","* Learning more advanced Python material.

* Learning how to use additional data analytics programs.

* Learning how to interpret raw results in-depth.","No, I do not have any concerns about prerequisites or background.",Specific tools or topics that I hope we cover include the Power BI software for data visualization.
11,"Intermediate (functions/classes, pandas/numpy, file I/O)","Basic (clone, add, commit, push)","Intermediate (joins/merges, outlier handling, feature scaling/encoding)","Basic (descriptives, simple plots)",Basic (matplotlib/Excel charts),Tutorials completed (fit/predict on standard datasets),Basic (scikit-learn pipelines; standard models),"Intermediate (code gen/debugging, data exploration)",,"Basic (compute/storage setup, permissions basics)",7–8 Comfortable (usually solve with docs/forums),"My top learning goals for this class are 

*

Strengthen machine learning foundations 

*

Gain practical experience in data preprocessing and visualization

*

Learn deployment and cloud workflows for ML applications",I don't have major concern but i hope to learn about machine learning as I don't have deep understaning in machine learning. ,"Flask/FastAPI, AWS/GCP/Azure"
12,"Intermediate (functions/classes, pandas/numpy, file I/O)","Basic (clone, add, commit, push)","Basic (remove duplicates, simple imputations)","Basic (descriptives, simple plots)",Basic (matplotlib/Excel charts),Tutorials completed (fit/predict on standard datasets),Basic (scikit-learn pipelines; standard models),"Intermediate (code gen/debugging, data exploration)",,,3–4 Somewhat uncomfortable (prefer close support),"Further improving my skills in the LLM category.

Becoming more competent in ML and better understanding the concept behind it.

Become fully proficient in data cleaning/scraping.

 ",Not that I can think of at the moment.,CloudFormation considering I have zero experience in it.
13,"Intermediate (functions/classes, pandas/numpy, file I/O)","Intermediate (branching, merging, pull requests)","Intermediate (joins/merges, outlier handling, feature scaling/encoding)","Basic (descriptives, simple plots)",Basic (matplotlib/Excel charts),"Projects (train/val/test splits, metrics, model comparison)","Intermediate (hyperparameter tuning, cross-validation, feature engineering)",No LLM experience,,,7–8 Comfortable (usually solve with docs/forums),"1. Learn to deploy code 

2. Get a deeper understanding of what a block of code or tool is doing

3. Master storytelling. ",Just being more confident in what I am learning. ,building dashboards to help with storytelling and presentations. 
14,"Intermediate (functions/classes, pandas/numpy, file I/O)","Basic (clone, add, commit, push)","Intermediate (joins/merges, outlier handling, feature scaling/encoding)","Basic (descriptives, simple plots)",Basic (matplotlib/Excel charts),"Projects (train/val/test splits, metrics, model comparison)",Basic (scikit-learn pipelines; standard models),No LLM experience,,,7–8 Comfortable (usually solve with docs/forums),"1. Further my knowledge of visualizations tools e.g. Tableu

2. Handle large datasets with missing/biased data.

3. Become involved in LLMs and AI, and learn how to be valuable to a company.  ","The only concern/fear I currently have is being behind. Though I've spent the past year self-learning coding, I feel it's not enough. I'm not afraid to try, so I know it'll work out.","Git and Github (Merging, Branches, Repositories)

LLM

 

 "
15,"Intermediate (functions/classes, pandas/numpy, file I/O)","Basic (clone, add, commit, push)","Intermediate (joins/merges, outlier handling, feature scaling/encoding)","Basic (descriptives, simple plots)",Advanced (dashboards/storytelling; audience-appropriate design),Tutorials completed (fit/predict on standard datasets),Basic (scikit-learn pipelines; standard models),No LLM experience,Basic (Streamlit/Gradio; simple hosting),,7–8 Comfortable (usually solve with docs/forums)," 

* I would like to learn more about LLMs and attain more practice in that area, because I do not have much experience, and I know that it is crucial

*  I want to become more proficient in my skills so that I can apply them to the professional field

* I also want to improve in data visualization as I think that will be the most relevant in my field","I think my background is less advanced than that of my peers because I have spent the last two years focusing more on my second major, and am just recently getting back to the Data Science courses.  I feel that my knowledge is lacking in some areas, but I am willing to work towards improving on my own.  I am also going into a different field than most of my peers (I want to do technology law), so I fear that my background and focus will be slightly different.  ",I hope to cover more business-oriented topics.  
16,"Intermediate (functions/classes, pandas/numpy, file I/O)",Never used,"Intermediate (joins/merges, outlier handling, feature scaling/encoding)","Intermediate (groupby, multi-variate plots, basic hypothesis checks)",Basic (matplotlib/Excel charts),Tutorials completed (fit/predict on standard datasets),Basic (scikit-learn pipelines; standard models),"Intermediate (code gen/debugging, data exploration)",,,"5–6 Neutral (can try first, then seek help)","Developing coding skills.

More experience with LLM's.

 Learn more about ML.","No, other than just the usually remembering.  ","Git, Python, Power Bi"
17,"Intermediate (functions/classes, pandas/numpy, file I/O)","Basic (clone, add, commit, push)","Intermediate (joins/merges, outlier handling, feature scaling/encoding)","Intermediate (groupby, multi-variate plots, basic hypothesis checks)","Intermediate (seaborn/plotly; multi-facet charts, interactive)",Theoretical only (coursework/reading),Basic (scikit-learn pipelines; standard models),"Intermediate (code gen/debugging, data exploration)",Basic (Streamlit/Gradio; simple hosting),"Basic (compute/storage setup, permissions basics)","5–6 Neutral (can try first, then seek help)","1. Understand how to display data in a meaningful way, depending on the required output

2. Learn the beginning-to-end process from data gathering to deployment

3. How to utilize AI in a productive way

 

 ",No,"Data Visualization tools like Tableau, Power BI"
18,"Intermediate (functions/classes, pandas/numpy, file I/O)","Intermediate (branching, merging, pull requests)","Basic (remove duplicates, simple imputations)","Advanced (profiling reports, targeted diagnostics, experiment design)",Advanced (dashboards/storytelling; audience-appropriate design),Tutorials completed (fit/predict on standard datasets),Basic (scikit-learn pipelines; standard models),"Intermediate (code gen/debugging, data exploration)",,"Basic (compute/storage setup, permissions basics)","5–6 Neutral (can try first, then seek help)","My learning goals:

1. Improve on my coding especially with Python (packaging, reviewing codes, testing, etc.)

2. Understanding more and applying key concepts like probability, regression , and/or hypothesis testing.

3. Building up a portfolio to show future classes or employers.","No, not really. ","Tableau, SQL, EDA, Regression & Classification"
19,"Intermediate (functions/classes, pandas/numpy, file I/O)","Basic (clone, add, commit, push)","Basic (remove duplicates, simple imputations)","Intermediate (groupby, multi-variate plots, basic hypothesis checks)","Intermediate (seaborn/plotly; multi-facet charts, interactive)",No experience,Basic (scikit-learn pipelines; standard models),No LLM experience,,,"5–6 Neutral (can try first, then seek help)","My top 3 goals for this class are to learn more of the software and tools needed to work in my field. I really want to learn Power Bi, Azure, and how to become more proficient with python data cleaning, wrangling, and manipulation.  I would also like to learn more SQL. ","i do have some concerns regarding Git, doing cross validation, and intermediate python coding","SQL

Advanced python

Azure

Power Bi

SkiLearn

Tableau

AWS

and some basic LLM and MLM knowledge. "
20,"Intermediate (functions/classes, pandas/numpy, file I/O)","Basic (clone, add, commit, push)","Basic (remove duplicates, simple imputations)","Basic (descriptives, simple plots)",Advanced (dashboards/storytelling; audience-appropriate design),Theoretical only (coursework/reading),Basic (scikit-learn pipelines; standard models),"Intermediate (code gen/debugging, data exploration)",,,"5–6 Neutral (can try first, then seek help)","1. Become a much more confident programmer by developing my analytic skills and doing hands on applications/projects. Truly understand the fundamentals of analytics and be able to carry that knowledge outside of class.

2. Learn how to communicate my technical knowledge to interviewers and ultimately apply it to a real job setting

3. Discover what areas of data science I enjoy to narrow my job search and application process.","I have fundamentals in Python, data visualization and storytelling, but I need to learn how to tie it all together. Topics like LLMS, cloud, ML I need a better understanding of since I can’t really differentiate everything very well.",Git Hub! I feel lost on this and would like some opportunities to develop mine. I also want to cover the differences between data science careers and how to identify which path is right for you. 
21,"Intermediate (functions/classes, pandas/numpy, file I/O)","Basic (clone, add, commit, push)","Basic (remove duplicates, simple imputations)",,Basic (matplotlib/Excel charts),"Projects (train/val/test splits, metrics, model comparison)",Basic (scikit-learn pipelines; standard models),No LLM experience,Basic (Streamlit/Gradio; simple hosting),,"5–6 Neutral (can try first, then seek help)","Learn more about LLM

Be more efficient in machine learning Algorithm

learn about visualization tools",,Deep learning.
22,"Basic (variables, loops, lists; simple scripts)","Basic (clone, add, commit, push)","Intermediate (joins/merges, outlier handling, feature scaling/encoding)","Basic (descriptives, simple plots)",Basic (matplotlib/Excel charts),Theoretical only (coursework/reading),,"Intermediate (code gen/debugging, data exploration)",Basic (Streamlit/Gradio; simple hosting),"Basic (compute/storage setup, permissions basics)",3–4 Somewhat uncomfortable (prefer close support),"* Develop Marketable skills that make my resume and skill set appealing. 

* Find practical uses for the skills I've learned in my time in academics.

* Find an internship/shadowing opportunity where I can network.","It's been a while since I've used Python to code. I have a basic understanding of code structure through the use of other languages, but if you asked me to code something in Python right now, I'd need a few days to refresh before making something without the use of an LLM.","We should cover a small part of every facet of data science used practically in a business application. Give students a simple, replicable blueprint for how to problem-solve basic issues that we can build on and adapt to our future occupations."
23,"Intermediate (functions/classes, pandas/numpy, file I/O)","Intermediate (branching, merging, pull requests)","Intermediate (joins/merges, outlier handling, feature scaling/encoding)","Basic (descriptives, simple plots)",Basic (matplotlib/Excel charts),Tutorials completed (fit/predict on standard datasets),Basic (scikit-learn pipelines; standard models),"Intermediate (code gen/debugging, data exploration)",,,7–8 Comfortable (usually solve with docs/forums),"* increased proficiency in DevOps

* increased proficiency in Cloud familiarity 

* just more exercises and practice with LLM's",I have no concerns about the prerequisites,"It has been annotated on the syllabus, but I would like to get into Tableau and Power BI."
24,"Basic (variables, loops, lists; simple scripts)","Basic (clone, add, commit, push)","Basic (remove duplicates, simple imputations)","Intermediate (groupby, multi-variate plots, basic hypothesis checks)","Intermediate (seaborn/plotly; multi-facet charts, interactive)",Theoretical only (coursework/reading),Basic (scikit-learn pipelines; standard models),No LLM experience,,,3–4 Somewhat uncomfortable (prefer close support),"- get better at ml tooling-fully understand principles and be able to implement them in real life situations/problems 

* gain experience with LLMs

* better my data visualization skills ","not really

 ",learn about api and really want to do more projects to apply and test what we've learned in class other than quizzes
25,"Intermediate (functions/classes, pandas/numpy, file I/O)","Basic (clone, add, commit, push)","Basic (remove duplicates, simple imputations)",,"Intermediate (seaborn/plotly; multi-facet charts, interactive)",Theoretical only (coursework/reading),,No LLM experience,,"Basic (compute/storage setup, permissions basics)",3–4 Somewhat uncomfortable (prefer close support),"-develop better coding skills

-create more machine learning projects

-work with more LLM's",no as long as there is tools/support ,working with industries specific tools
26,"Basic (variables, loops, lists; simple scripts)","Basic (clone, add, commit, push)","Basic (remove duplicates, simple imputations)","Basic (descriptives, simple plots)","Intermediate (seaborn/plotly; multi-facet charts, interactive)","Projects (train/val/test splits, metrics, model comparison)",Basic (scikit-learn pipelines; standard models),"Intermediate (code gen/debugging, data exploration)",Basic (Streamlit/Gradio; simple hosting),,"5–6 Neutral (can try first, then seek help)","1) Get more comfortable with Python, seaborn, matplotlib, etc

2) Gain a deeper understanding of how machine learning works

3) Learn more what the cloud is and how it is used","I feel like I don't remember much from my previous data science classes, and I have no coding experience outside the few classes I have taken here at Charlotte. ",Tableau and SQL
27,"Intermediate (functions/classes, pandas/numpy, file I/O)","Intermediate (branching, merging, pull requests)",,"Basic (descriptives, simple plots)",Basic (matplotlib/Excel charts),Tutorials completed (fit/predict on standard datasets),Basic (scikit-learn pipelines; standard models),No LLM experience,,,3–4 Somewhat uncomfortable (prefer close support),"More confident in coding process from where to start all the way to fixing issues.

Gaining a better understanding of what solutions are applicable in certain domains.

Git hub - barely understand all the applications and ways to use.",Not much but only started coding this time last year so it feels like I'm drinking through a firehose a bit.,Like to learn more about AWS and the cloud
28,"Intermediate (functions/classes, pandas/numpy, file I/O)","Basic (clone, add, commit, push)","Basic (remove duplicates, simple imputations)","Basic (descriptives, simple plots)",Basic (matplotlib/Excel charts),Theoretical only (coursework/reading),Basic (scikit-learn pipelines; standard models),No LLM experience,,,"5–6 Neutral (can try first, then seek help)","Learn more about data science and the intricacies related to coding/computing 
get a good grade for my degree so I can graduate in the spring

Develop more skills related to the field of data science for my future career","somewhat, only that I'm not the best at coding ","unsure, looking forward to learning more "
29,"Intermediate (functions/classes, pandas/numpy, file I/O)","Intermediate (branching, merging, pull requests)","Intermediate (joins/merges, outlier handling, feature scaling/encoding)","Basic (descriptives, simple plots)",Basic (matplotlib/Excel charts),Tutorials completed (fit/predict on standard datasets),Basic (scikit-learn pipelines; standard models),No LLM experience,,"Basic (compute/storage setup, permissions basics)",7–8 Comfortable (usually solve with docs/forums),"Get more comfortable with data presentation

More practice with project management

Stay engaged","Deployment/DevOps (I learned it in theory but I don't remember in practice) and my preparedness, visualizations",
30,"Intermediate (functions/classes, pandas/numpy, file I/O)","Intermediate (branching, merging, pull requests)","Intermediate (joins/merges, outlier handling, feature scaling/encoding)","Intermediate (groupby, multi-variate plots, basic hypothesis checks)","Intermediate (seaborn/plotly; multi-facet charts, interactive)","Projects (train/val/test splits, metrics, model comparison)","Intermediate (hyperparameter tuning, cross-validation, feature engineering)","Intermediate (code gen/debugging, data exploration)",Basic (Streamlit/Gradio; simple hosting),,7–8 Comfortable (usually solve with docs/forums),"Custom LM Training 

AWS/Online Solutions 

Familiarity with Enterprise Solutions  ",,
31,"Intermediate (functions/classes, pandas/numpy, file I/O)","Basic (clone, add, commit, push)","Intermediate (joins/merges, outlier handling, feature scaling/encoding)","Basic (descriptives, simple plots)",Advanced (dashboards/storytelling; audience-appropriate design),Theoretical only (coursework/reading),Basic (scikit-learn pipelines; standard models),No LLM experience,,"Basic (compute/storage setup, permissions basics)",7–8 Comfortable (usually solve with docs/forums),"* Analyze Data ( in general, better communicate and explain the visualization and storytelling)

* Better in Python, Power BI, and other tools.

* Get better in targeted diagnostics and experiment design. ","No, ","Plots, libraries, and themes. "
32,"Advanced (testing, packaging, async, profiling)","Intermediate (branching, merging, pull requests)","Intermediate (joins/merges, outlier handling, feature scaling/encoding)","Intermediate (groupby, multi-variate plots, basic hypothesis checks)","Intermediate (seaborn/plotly; multi-facet charts, interactive)","Projects (train/val/test splits, metrics, model comparison)",Basic (scikit-learn pipelines; standard models),No LLM experience,Basic (Streamlit/Gradio; simple hosting),,"5–6 Neutral (can try first, then seek help)","Furthering my understanding LLM

Learning less theoretical work, more practical everyday job processes. 

An introduction to cloud computing and cloud services. ",I might not be that familiar with some of the streamlining things. ,I really do enjoy the ethics side of AI and data science. A lot more regulations and laws are coming out targeting certain AI usage cases and data usage. 
33,"Basic (variables, loops, lists; simple scripts)",Never used,"Basic (remove duplicates, simple imputations)",,Basic (matplotlib/Excel charts),No experience,,No LLM experience,,,"5–6 Neutral (can try first, then seek help)",I really don't have any learning goals. I'd liked to consume as much information that I can that could help me in the workforce. ,No,Power BI 
34,"Intermediate (functions/classes, pandas/numpy, file I/O)","Intermediate (branching, merging, pull requests)","Basic (remove duplicates, simple imputations)","Basic (descriptives, simple plots)",Basic (matplotlib/Excel charts),Tutorials completed (fit/predict on standard datasets),Basic (scikit-learn pipelines; standard models),No LLM experience,,,3–4 Somewhat uncomfortable (prefer close support),"Be able to interpret data insights

Understand and be fluent in coding

Develop visualization skills",nope,PowerBi or tableau
35,"Advanced (testing, packaging, async, profiling)","Intermediate (branching, merging, pull requests)","Intermediate (joins/merges, outlier handling, feature scaling/encoding)","Intermediate (groupby, multi-variate plots, basic hypothesis checks)",Advanced (dashboards/storytelling; audience-appropriate design),"Projects (train/val/test splits, metrics, model comparison)","Intermediate (hyperparameter tuning, cross-validation, feature engineering)","Expert (RAG at scale, fine-tuning/evals, safety/guardrails)",Basic (Streamlit/Gradio; simple hosting),"Intermediate (managed services: DB, queues, functions)",7–8 Comfortable (usually solve with docs/forums),"1. ML Engineering

2. Real-world Data Cleaning

3. Advanced Hyperparameter Tuning

 ","I don't think so, but my foundations in more of the DevOps side are pretty limited. ","I would love to delve into Docker and FastAPI if possible, and even deploying things to AWS or GCP would be an amazing experience in finally taking things out of our laptops and moving them to the Cloud. Learning more about production-grade packages like Optuna or Nixtla would also be an amazing experience, and really focusing on the large, messy datasets that are often seen in the real world. "
36,"Intermediate (functions/classes, pandas/numpy, file I/O)","Basic (clone, add, commit, push)","Intermediate (joins/merges, outlier handling, feature scaling/encoding)","Intermediate (groupby, multi-variate plots, basic hypothesis checks)",Basic (matplotlib/Excel charts),"Projects (train/val/test splits, metrics, model comparison)","Intermediate (hyperparameter tuning, cross-validation, feature engineering)",No LLM experience,Basic (Streamlit/Gradio; simple hosting),,7–8 Comfortable (usually solve with docs/forums),"1. Better understanding of the implementation of ML models

2. Business applications of data science / ML

3. Working more with GitHub and deployment",No,"Deployment, Tableau/PowerBI, applications of ML"
37,"Advanced (testing, packaging, async, profiling)","Intermediate (branching, merging, pull requests)","Basic (remove duplicates, simple imputations)","Intermediate (groupby, multi-variate plots, basic hypothesis checks)",Basic (matplotlib/Excel charts),Tutorials completed (fit/predict on standard datasets),Basic (scikit-learn pipelines; standard models),No LLM experience,,"Intermediate (managed services: DB, queues, functions)","5–6 Neutral (can try first, then seek help)","* learn more of what goes into the topic and the ins and outs 

* improve what i already know to better myself

* gain any needed skills to help in the future",Not really. Just the things listed here that i have little to no experience in and how it will impact how i do in the course.,I dont have any specific topics 
38,"Basic (variables, loops, lists; simple scripts)","Basic (clone, add, commit, push)",,"Basic (descriptives, simple plots)","Intermediate (seaborn/plotly; multi-facet charts, interactive)",Theoretical only (coursework/reading),Basic (scikit-learn pipelines; standard models),No LLM experience,Basic (Streamlit/Gradio; simple hosting),,"5–6 Neutral (can try first, then seek help)","* Learn to ask the right questions that push thinking

* Data visualization that is clear and concise to all departments of a company

* Work on profienciy of Python coding",Just making sure I'm proficient enough in Python coding to keep up. Will study outside of class!,"Power BI and Tableau since those are an industry standard.

Also, the background themes and libraries that are prevalent in industries. "
39,"Intermediate (functions/classes, pandas/numpy, file I/O)","Intermediate (branching, merging, pull requests)","Intermediate (joins/merges, outlier handling, feature scaling/encoding)","Basic (descriptives, simple plots)","Intermediate (seaborn/plotly; multi-facet charts, interactive)","Projects (train/val/test splits, metrics, model comparison)","Advanced (model selection under constraints, calibration, interpretability)","Intermediate (code gen/debugging, data exploration)",Basic (Streamlit/Gradio; simple hosting),"Intermediate (managed services: DB, queues, functions)",7–8 Comfortable (usually solve with docs/forums),"Improve my ML skills

Go further in depth with Git/Github

Have a better understanding of EDA",I do not have any concerns. I feel like the work I have done in previous courses have prepared me for this course.,I would love to go further in depth with Git/Github as well as data visualizations.
40,"Intermediate (functions/classes, pandas/numpy, file I/O)","Basic (clone, add, commit, push)",,"Basic (descriptives, simple plots)",Basic (matplotlib/Excel charts),No experience,,No LLM experience,,"Basic (compute/storage setup, permissions basics)",1–2 Very uncomfortable (need step-by-step guidance),"Learn more specifics on machine learning and llms.

Learn more technical skills for data visualization and data cleaning .

Learn more about how to ace interviews for both technical and behavioral.",I don't have a strong technical background and don't feel like I learned much from previous data studio courses due being unmedicated and having adhd it was really hard to focus in the previous courses.,"power bi, tableau, machine learning models, AI"
41,"Intermediate (functions/classes, pandas/numpy, file I/O)","Intermediate (branching, merging, pull requests)","Basic (remove duplicates, simple imputations)","Basic (descriptives, simple plots)","Intermediate (seaborn/plotly; multi-facet charts, interactive)","Projects (train/val/test splits, metrics, model comparison)","Intermediate (hyperparameter tuning, cross-validation, feature engineering)","Intermediate (code gen/debugging, data exploration)",Basic (Streamlit/Gradio; simple hosting),,7–8 Comfortable (usually solve with docs/forums),"1. I want to get better at working with API's and other deployment strategies

2. I want to better understand how to clean and process data

3. I want to get better at creating meaningful plots and visualizations",I have no experiences with cloud technologies and little experience with API's / deployment,Just excited to learn about the business models portion of this course
42,"Intermediate (functions/classes, pandas/numpy, file I/O)","Basic (clone, add, commit, push)","Basic (remove duplicates, simple imputations)","Basic (descriptives, simple plots)","Intermediate (seaborn/plotly; multi-facet charts, interactive)","Projects (train/val/test splits, metrics, model comparison)",Basic (scikit-learn pipelines; standard models),"Intermediate (code gen/debugging, data exploration)",Basic (Streamlit/Gradio; simple hosting),"Intermediate (managed services: DB, queues, functions)",7–8 Comfortable (usually solve with docs/forums),"-Learn more about data visualization

-Learn how to properly clean and handle data

-Strengthen coding skills and understanding for interviews",,"Python, SQL, & business analytic/data analytical tools, cloud computing like AWS"
43,"Intermediate (functions/classes, pandas/numpy, file I/O)","Intermediate (branching, merging, pull requests)","Basic (remove duplicates, simple imputations)","Basic (descriptives, simple plots)",Advanced (dashboards/storytelling; audience-appropriate design),Tutorials completed (fit/predict on standard datasets),Basic (scikit-learn pipelines; standard models),"Intermediate (code gen/debugging, data exploration)",Basic (Streamlit/Gradio; simple hosting),,"5–6 Neutral (can try first, then seek help)","1. Learn how to gather and clean data so I can begin working on projects and finding solutions.

2. Understanding predictive analytics and how to use ML and functions to create insights.

3. Developing skills in different softwares like PowerBI, Tableau, Streamlit, and other applications that can assist my projects outside of coding and data visualizations. ",I have no concerns about the challenges and expectations of this course. ,"seaborn, Tableau/PowerBI/Streamlit, github, KNN and other ML models, matplotlib, and SQL"
44,"Intermediate (functions/classes, pandas/numpy, file I/O)","Basic (clone, add, commit, push)","Intermediate (joins/merges, outlier handling, feature scaling/encoding)","Intermediate (groupby, multi-variate plots, basic hypothesis checks)","Intermediate (seaborn/plotly; multi-facet charts, interactive)",Tutorials completed (fit/predict on standard datasets),Basic (scikit-learn pipelines; standard models),"Intermediate (code gen/debugging, data exploration)",,"Basic (compute/storage setup, permissions basics)","5–6 Neutral (can try first, then seek help)",Learn,"Learn how to predictive model
Better visualization
Strengthen public speaking","Seaborn, Matplotlib, Git in general, modeling and debugging."
45,"Intermediate (functions/classes, pandas/numpy, file I/O)","Basic (clone, add, commit, push)","Basic (remove duplicates, simple imputations)","Intermediate (groupby, multi-variate plots, basic hypothesis checks)","Intermediate (seaborn/plotly; multi-facet charts, interactive)","Projects (train/val/test splits, metrics, model comparison)","Intermediate (hyperparameter tuning, cross-validation, feature engineering)","Intermediate (code gen/debugging, data exploration)",Intermediate (Flask/FastAPI on VM; env management),"Basic (compute/storage setup, permissions basics)",7–8 Comfortable (usually solve with docs/forums),"Expand my knowledge on coding

Learn more about the data science field/jobs

Apply my work in class to the real world",,I hope to cover whatever is needed for me to succeed.
46,"Intermediate (functions/classes, pandas/numpy, file I/O)","Basic (clone, add, commit, push)","Basic (remove duplicates, simple imputations)","Basic (descriptives, simple plots)","Intermediate (seaborn/plotly; multi-facet charts, interactive)",Tutorials completed (fit/predict on standard datasets),Basic (scikit-learn pipelines; standard models),"Advanced (API usage, structured prompting, small RAG apps)",,,3–4 Somewhat uncomfortable (prefer close support),"To learn how to build  predicitive analytics model

Expand my knowledge of data analysis and representation

Learn how to debug","Coding, in particualr practical application and debugging, isn't my strongest area in data science and I often struggle.","Pandas, Seaborn, PowerBI"
47,"Intermediate (functions/classes, pandas/numpy, file I/O)","Basic (clone, add, commit, push)","Basic (remove duplicates, simple imputations)","Basic (descriptives, simple plots)","Intermediate (seaborn/plotly; multi-facet charts, interactive)",Tutorials completed (fit/predict on standard datasets),Basic (scikit-learn pipelines; standard models),"Advanced (API usage, structured prompting, small RAG apps)",Basic (Streamlit/Gradio; simple hosting),"Basic (compute/storage setup, permissions basics)","5–6 Neutral (can try first, then seek help)","Just want to see improvement in different areas of predictive analytics, coding, etc.",My studio 1 professors weren't great and in studio 2 there were several things that they said we should have learned in studio 1 which I hadn't and felt behind in different areas. hopefully that's not the case in this course but not sure yet.,honestly anything.
48,"Intermediate (functions/classes, pandas/numpy, file I/O)","Intermediate (branching, merging, pull requests)","Intermediate (joins/merges, outlier handling, feature scaling/encoding)","Intermediate (groupby, multi-variate plots, basic hypothesis checks)","Intermediate (seaborn/plotly; multi-facet charts, interactive)","Projects (train/val/test splits, metrics, model comparison)","Intermediate (hyperparameter tuning, cross-validation, feature engineering)","Intermediate (code gen/debugging, data exploration)",Basic (Streamlit/Gradio; simple hosting),"Intermediate (managed services: DB, queues, functions)",7–8 Comfortable (usually solve with docs/forums),"Become more comfortable with using LLMs and the code related.

Work on projects that use large scale models.

Gain experience with a more professional setting.",None.,"I would love to cover some stuff like Flask and FastAPI for deployment and maintenance purposes, because I am largely unfamiliar with those. Would also like to cover some libraries like scikit-learn, and how to expand on those from a basic modeling project using a simple dataset like in Studio 2 to using them the same way they would be used professionally."
49,"Intermediate (functions/classes, pandas/numpy, file I/O)","Intermediate (branching, merging, pull requests)","Intermediate (joins/merges, outlier handling, feature scaling/encoding)",,"Intermediate (seaborn/plotly; multi-facet charts, interactive)",Tutorials completed (fit/predict on standard datasets),Basic (scikit-learn pipelines; standard models),"Intermediate (code gen/debugging, data exploration)",,,3–4 Somewhat uncomfortable (prefer close support),"* To get more comfortable with data visualization

* More practice manipulating large data sets

* More experience with machine learning","Yes, I only recently started coding this past year so I worry many of my classmates and peers already have a leg up on me.","I hope we use Tableu, SQL, and continue using python libraries like sklearn and pandas."
50,"Intermediate (functions/classes, pandas/numpy, file I/O)","Intermediate (branching, merging, pull requests)","Basic (remove duplicates, simple imputations)","Basic (descriptives, simple plots)",Basic (matplotlib/Excel charts),Theoretical only (coursework/reading),Basic (scikit-learn pipelines; standard models),No LLM experience,Intermediate (Flask/FastAPI on VM; env management),"Basic (compute/storage setup, permissions basics)","5–6 Neutral (can try first, then seek help)","* Continue learning the fundamentals

* Meet high quality people

* Focus on understanding",I need to refresh my memory for basic technical terminologies.,LLMs
51,"Advanced (testing, packaging, async, profiling)","Intermediate (branching, merging, pull requests)","Advanced (pipeline automation, leakage checks, reproducible transforms)","Intermediate (groupby, multi-variate plots, basic hypothesis checks)",Advanced (dashboards/storytelling; audience-appropriate design),Tutorials completed (fit/predict on standard datasets),"Intermediate (hyperparameter tuning, cross-validation, feature engineering)","Intermediate (code gen/debugging, data exploration)",Basic (Streamlit/Gradio; simple hosting),"Basic (compute/storage setup, permissions basics)",7–8 Comfortable (usually solve with docs/forums),"* Have an advanced knowledge of ML tooling

* Have a good background on working with LLM's and AI concepts with ML 

* Have good hands on experience doing all of this, learning from the mistakes, and building","I want to continue to refine my knowledge to be job-ready, so the more practice and exposure I can get","scikit-learn, cloud products, "
52,"Intermediate (functions/classes, pandas/numpy, file I/O)","Basic (clone, add, commit, push)","Basic (remove duplicates, simple imputations)","Intermediate (groupby, multi-variate plots, basic hypothesis checks)",Basic (matplotlib/Excel charts),Theoretical only (coursework/reading),"Intermediate (hyperparameter tuning, cross-validation, feature engineering)","Intermediate (code gen/debugging, data exploration)",,,3–4 Somewhat uncomfortable (prefer close support),"Understand new coding languages

Be able to set up more visualizations

Have a better understanding of the ethics and morality with ai",Not exactly,Restrictions against AI or laws against it.
53,"Intermediate (functions/classes, pandas/numpy, file I/O)","Intermediate (branching, merging, pull requests)","Intermediate (joins/merges, outlier handling, feature scaling/encoding)","Basic (descriptives, simple plots)","Intermediate (seaborn/plotly; multi-facet charts, interactive)","Projects (train/val/test splits, metrics, model comparison)",Basic (scikit-learn pipelines; standard models),No LLM experience,Basic (Streamlit/Gradio; simple hosting),,"5–6 Neutral (can try first, then seek help)","-Want to learn more about how to apply skills in business setting

-Hope to increase skillset to help my career in short/far future

-Want to learn about things I dont currently have knowledge about such as LLMs, Cloud, Deployments",Not at all,"Some cool things to go over would be streamlit (I have bare experience in), some tools like tableau or powerbi which I use for my co-op currently but want to learn the best way to apply them in a business setting and use them effectively."
54,"Intermediate (functions/classes, pandas/numpy, file I/O)","Intermediate (branching, merging, pull requests)","Intermediate (joins/merges, outlier handling, feature scaling/encoding)","Intermediate (groupby, multi-variate plots, basic hypothesis checks)",Advanced (dashboards/storytelling; audience-appropriate design),"Pro/Research (reproducible workflows, error analysis, reporting)",Basic (scikit-learn pipelines; standard models),"Advanced (API usage, structured prompting, small RAG apps)",,"Intermediate (managed services: DB, queues, functions)","5–6 Neutral (can try first, then seek help)","get as much information as i can to be able to apply it in the real world. dive in more into data sets and statistics, and business analytics. ",no,"tableau, power bi"
55,"Intermediate (functions/classes, pandas/numpy, file I/O)","Basic (clone, add, commit, push)","Basic (remove duplicates, simple imputations)","Basic (descriptives, simple plots)",Basic (matplotlib/Excel charts),No experience,,"Intermediate (code gen/debugging, data exploration)",,,"5–6 Neutral (can try first, then seek help)","Become more proficient in data science tools including Tableau, Powerbi, Python

Explore and learn more about LLMS and Machine Learning

Better myself and learn more about EDAs",None :),"LLMS, machine learning, tableau, powerbi, python"
56,"Intermediate (functions/classes, pandas/numpy, file I/O)","Basic (clone, add, commit, push)","Basic (remove duplicates, simple imputations)",,"Intermediate (seaborn/plotly; multi-facet charts, interactive)",Theoretical only (coursework/reading),,"Intermediate (code gen/debugging, data exploration)",,,"5–6 Neutral (can try first, then seek help)","* Understand and implement predictive analytics techniques

* Learn what the job market is looking for, and how to ""get ahead"" of AI 

* Get out of my comfort zone and conduct smaller solo research projects using unknown tools (ex. PowerBI), data cleaning",I feel like my technical background in Java/Python (the prereqs) were not sufficient in teaching data analysis skills required in this course.,"Tableau, PowerBI, some SQL"
57,"Intermediate (functions/classes, pandas/numpy, file I/O)","Basic (clone, add, commit, push)","Basic (remove duplicates, simple imputations)","Basic (descriptives, simple plots)","Intermediate (seaborn/plotly; multi-facet charts, interactive)","Projects (train/val/test splits, metrics, model comparison)",Basic (scikit-learn pipelines; standard models),"Intermediate (code gen/debugging, data exploration)",,"Expert (cost/perf optimization, observability, security posture)",7–8 Comfortable (usually solve with docs/forums),"Learn how to leverage ai in professional world

learn analytic or what the data means and how it can benefit me

LLM",No,Cloud!
58,"Basic (variables, loops, lists; simple scripts)","Intermediate (branching, merging, pull requests)","Intermediate (joins/merges, outlier handling, feature scaling/encoding)","Intermediate (groupby, multi-variate plots, basic hypothesis checks)","Intermediate (seaborn/plotly; multi-facet charts, interactive)",No experience,,No LLM experience,Advanced (Docker/Compose; CI(Continuous integration for simple apps),,"9–10 Very comfortable (systematic, persistent, document findings)","1. ML engineering

2. Data pipelines

3. Data Cleaning",No,"Tableu, Prefect, Streamlit"
59,"Intermediate (functions/classes, pandas/numpy, file I/O)","Basic (clone, add, commit, push)","Basic (remove duplicates, simple imputations)","Basic (descriptives, simple plots)",Basic (matplotlib/Excel charts),Theoretical only (coursework/reading),Basic (scikit-learn pipelines; standard models),No LLM experience,,"Basic (compute/storage setup, permissions basics)",1–2 Very uncomfortable (need step-by-step guidance),"Be more advanced in coding

More efficient in multiple languages

Let it stick in my head",That i'll have to relearn it make it stick in my head further.,I don't have any specific wants
60,"Intermediate (functions/classes, pandas/numpy, file I/O)","Basic (clone, add, commit, push)","Intermediate (joins/merges, outlier handling, feature scaling/encoding)","Intermediate (groupby, multi-variate plots, basic hypothesis checks)","Intermediate (seaborn/plotly; multi-facet charts, interactive)",Tutorials completed (fit/predict on standard datasets),Basic (scikit-learn pipelines; standard models),No LLM experience,Basic (Streamlit/Gradio; simple hosting),"Basic (compute/storage setup, permissions basics)",3–4 Somewhat uncomfortable (prefer close support),"* learn skills for internship search

* data visualization practice

* get better at debugging",,
